Post_id,Title,Content,Author ,Description ,Publication_Date,Card_Image_url
1,LOCAL DATABASE BLOG,"# TEST OF MARKDOWN
## Second header
### third header
#### fourth header

```
code block
here
because I can
and I want to
```

---

**linebreak above**

Lots of paragraphs because we like it and I like it alot.0Lots of paragraphs because we like it and I like it alot.Lots of paragraphs bec
Lots of paragraphs because we like it and I like it alot.0Lots of paragraphs because we like it and I like it alot.Lots of paragraphs bec
Lots of paragraphs because we like it and I like it alot.0Lots of paragraphs because we like it and I like it alot.Lots of paragraphs bec

---
linebreak above

Lots of paragraphs because we like it and I like it alot.0Lots of paragraphs because we like it and I like it alot.Lots of paragraphs bec
Lots of paragraphs because we like it and I like it alot.0Lots of paragraphs because we like it and I like it alot.Lots of paragraphs bec
Lots of paragraphs because we like it and",Harrison Fritz,"Pricing schemes range from a flat fee, fee by number of axles, fee by number of riders, or congestion pricing which varies based on traffic volume. In the congestion pricing scenario, price varies directly with demand for road space: as traffic volume increases, the price of using the toll road also increases.",5/29/2002,https://www.globaltourismforum.org/wp-content/uploads/2020/01/image.jpg